<?xml version="1.0" encoding="UTF-8"?>
<!DOCTYPE hibernate-mapping PUBLIC "-//Hibernate/Hibernate Mapping DTD 3.0//EN" "http://www.hibernate.org/dtd/hibernate-mapping-3.0.dtd">
<!-- Generated 28/04/2017 11:54:01 AM by Hibernate Tools 4.3.1 -->
<hibernate-mapping>
  <class catalog="struts" name="entidad.Datos" optimistic-lock="version" table="datos">
    <id name="cedula" type="int">
      <column name="cedula"/>
      <generator class="assigned"/>
    </id>
    <property name="nombre" type="string">
      <column length="250" name="nombre"/>
    </property>
    <property name="carrera" type="string">
      <column length="250" name="carrera"/>
    </property>
  </class>
</hibernate-mapping>
