<?xml version="1.0" encoding="UTF-8"?>
<!DOCTYPE struts PUBLIC
    "-//Apache Software Foundation//DTD Struts Configuration 2.0//EN"
    "http://struts.apache.org/dtds/struts-2.0.dtd">

<struts>
    <constant name="struts.devMode" value="true" />
    <constant name="struts.configuration.xml.reload" value="true" />
  
    <package name="demo-struts" extends="struts-default">
        
        <action name="direccionregistro" class="controlador.datoscontrolador" method="listar">
        <result name="exito">registro.jsp</result>
        </action>
        
        
        <action name="agregaclient" class="controlador.datoscontrolador" method="agrego">
        <result name="exito">registro.jsp</result>
        </action>
        
        
        <action name="borra" class="controlador.datoscontrolador" method="borrar">
        <result name="exito">registro.jsp</result>
        </action>
        
    </package>
</struts>